method,ks_stat,p_value
A_spot_ratio,0.10207692307692307,0.6139753724629622
B_vol_adjusted,0.0813076923076923,0.854219890889734
