method,ks_stat,p_value
A_spot_ratio,0.3333846153846154,1.1808850576394085e-05
B_vol_adjusted,0.3363846153846154,9.461505845740783e-06
